headline,summary,url,symbols,source,created_at
"If You Invested $1000 In This Stock 5 Years Ago, You Would Have $2,300 Today", ,https://www.benzinga.com/insights/news/24/06/39233539/if-you-invested-1000-in-this-stock-5-years-ago-you-would-have-2-300-today,WPM,benzinga,2024-06-07T18:01:30Z
What 12 Analyst Ratings Have To Say About Hewlett Packard, ,https://www.benzinga.com/insights/analyst-ratings/24/06/39233536/what-12-analyst-ratings-have-to-say-about-hewlett-packard,HPE,benzinga,2024-06-07T18:01:27Z
Here's How Much You Would Have Made Owning Advanced Micro Devices Stock In The Last 5 Years, ,https://www.benzinga.com/insights/news/24/06/39233535/heres-how-much-you-would-have-made-owning-advanced-micro-devices-stock-in-the-last-5-years,AMD,benzinga,2024-06-07T18:01:25Z
Assessing Blueprint Medicines: Insights From 16 Financial Analysts, ,https://www.benzinga.com/insights/analyst-ratings/24/06/39233532/assessing-blueprint-medicines-insights-from-16-financial-analysts,BPMC,benzinga,2024-06-07T18:01:18Z
Where Robinhood Markets Stands With Analysts, ,https://www.benzinga.com/insights/analyst-ratings/24/06/39233525/where-robinhood-markets-stands-with-analysts,HOOD,benzinga,2024-06-07T18:00:50Z
Navigating 5 Analyst Ratings For Open Lending, ,https://www.benzinga.com/insights/analyst-ratings/24/06/39233523/navigating-5-analyst-ratings-for-open-lending,LPRO,benzinga,2024-06-07T18:00:38Z
A Glimpse Into The Expert Outlook On SoFi Techs Through 8 Analysts, ,https://www.benzinga.com/insights/analyst-ratings/24/06/39233522/a-glimpse-into-the-expert-outlook-on-sofi-techs-through-8-analysts,SOFI,benzinga,2024-06-07T18:00:30Z
Navigating 13 Analyst Ratings For Las Vegas Sands, ,https://www.benzinga.com/insights/analyst-ratings/24/06/39233519/navigating-13-analyst-ratings-for-las-vegas-sands,LVS,benzinga,2024-06-07T18:00:20Z
"GameStop Dynamics 'Not The Same' As 2021, Says Andrew Left: 'Roaring Kitty Premise Is Gone'","Andrew Left, of Citron Research, discusses current GameStop situation. Cautious approach due to 2021 losses and skepticism towards Roaring Kitty.",https://www.benzinga.com/markets/equities/24/06/39233496/gamestop-dynamics-not-the-same-as-2021-says-andrew-left-roaring-kitty-premise-is-gone,GME,benzinga,2024-06-07T17:59:28Z
"Stocks Reclaim Record Highs As Jobs Data Fuels Growth Optimism; Gold, Bonds Tumble As Yields Rise: What's Driving Markets Friday?",Wall Street returned to reclaim record highs on Friday after a stronger-than-expected jobs report.,https://www.benzinga.com/markets/equities/24/06/39233441/stocks-reclaim-record-highs-as-jobs-data-fuels-growth-optimism-gold-bonds-tumble-as-yields-rise-,"AEM, AMC, BRZE, BTCUSD, DIA, DOCU, FCX, GME, IOT, MTN, NEM, SPY, TLT, UUP, XLB, XLF, XLP, XLU",benzinga,2024-06-07T17:54:57Z
"Can Bitcoin Reach $83,000? Key Factors Needed For A Breakout: 10x Research","Bitcoin (CRYPTO: BTC) is poised for a potential rally to new all-time highs, with a peak target of at least $120,000 during the current cycle, acording to a new anal",https://www.benzinga.com/markets/cryptocurrency/24/06/39233436/can-bitcoin-reach-83-000-key-factors-needed-for-a-breakout-10x-research,"BITF, BTCUSD, BTDR, MARA",benzinga,2024-06-07T17:54:32Z
"Alibaba's New AI Model Receives Positive Market Outlook: 'Retail Investors In China, Take Note!'","Citron Research is optimistic about Alibaba&#39;s launch of Qwen 2, stating that it could attract mainland buyers and improve share performance.",https://www.benzinga.com/markets/asia/24/06/39233412/alibabas-new-ai-model-receives-positive-market-outlook-retail-investors-in-china-take-note,BABA,benzinga,2024-06-07T17:51:58Z
"Roaring Kitty Says He's Invested In GameStop's Transformation, Bets On CEO Ryan Cohen With YOLO Trade: 'If I Have A Feeling, I Act On It'",GameStop stock was halted several times and fell in price during Roaring Kitty&#39;s highly anticipated return to YouTube Friday. ,https://www.benzinga.com/markets/equities/24/06/39233153/roaring-kitty-says-hes-investor-in-gamestops-transformation-bets-on-ceo-ryan-cohen-with-yolo-tra,"GME, MS",benzinga,2024-06-07T17:33:59Z
"Loop Capital Maintains Hold on Five Below, Lowers Price Target to $120",,https://www.benzinga.com/news/24/06/39233694/loop-capital-maintains-hold-on-five-below-lowers-price-target-to-120,FIVE,benzinga,2024-06-07T18:08:49Z
"Loop Capital Maintains Buy on Best Buy Co, Raises Price Target to $100",,https://www.benzinga.com/news/24/06/39233665/loop-capital-maintains-buy-on-best-buy-co-raises-price-target-to-100,BBY,benzinga,2024-06-07T18:07:11Z
"U.S. NHTSA Is Finalizing Vehicle Fuel Economy Rules Through 2031 That Are Less Stringent Than What Biden Administration Originally Proposed; NHTSA Says Final Fuel Economy Rule Projected To Cost Auto Industry Up To $1.8B In Fines Through 2031, Down From Over $10B",,https://www.benzinga.com/news/24/06/39233568/u-s-nhysa-is-finalizing-vehicle-fuel-economy-rules-through-2031-that-are-less-stringent-than-what-bi,"F, GM, HMC, SPY, STLA, TM, TSLA",benzinga,2024-06-07T18:03:05Z
What's Going On With Yext Stock Friday?,"The software company is trading higher after a report that the company is exploring a sale. However, the company has hired investment bankers in order to consider alternatives.",https://www.benzinga.com/news/24/06/39233614/whats-going-on-with-yext-stock-friday,YEXT,benzinga,2024-06-07T18:05:15Z
"Barclays Maintains Overweight on Replimune Group, Raises Price Target to $17",,https://www.benzinga.com/news/24/06/39233601/barclays-maintains-overweight-on-replimune-group-raises-price-target-to-17,REPL,benzinga,2024-06-07T18:04:31Z
A Closer Look at Robinhood Markets's Options Market Dynamics, ,https://www.benzinga.com/insights/options/24/06/39233544/a-closer-look-at-robinhood-marketss-options-market-dynamics,HOOD,benzinga,2024-06-07T18:01:40Z
"Citigroup Maintains Neutral on Extra Space Storage, Lowers Price Target to $160",,https://www.benzinga.com/news/24/06/39233910/citigroup-maintains-neutral-on-extra-space-storage-lowers-price-target-to-160,EXR,benzinga,2024-06-07T18:20:26Z
"Citigroup Maintains Buy on JM Smucker, Raises Price Target to $139",,https://www.benzinga.com/news/24/06/39233862/citigroup-maintains-buy-on-jm-smucker-raises-price-target-to-139,SJM,benzinga,2024-06-07T18:18:19Z
Class Action Against Abbott's Glucerna Products Proceeds in Federal Court,"WuXi AppTec employees collaborated with China&#39;s PLA on altitude sickness drugs, raising national security concerns in the U.S. Congressional committee calls for restricting biotech ties amid ongoing scrutiny.",https://www.benzinga.com/general/biotech/24/06/39233852/class-action-against-abbotts-glucerna-products-proceeds-in-federal-court,ABT,benzinga,2024-06-07T18:17:49Z
Looking At Snowflake's Recent Unusual Options Activity, ,https://www.benzinga.com/insights/options/24/06/39233846/looking-at-snowflakes-recent-unusual-options-activity,SNOW,benzinga,2024-06-07T18:17:27Z
Lockheed Martin's Options: A Look at What the Big Money is Thinking, ,https://www.benzinga.com/insights/options/24/06/39233844/lockheed-martins-options-a-look-at-what-the-big-money-is-thinking,LMT,benzinga,2024-06-07T18:17:22Z
Block Unusual Options Activity For June 07, ,https://www.benzinga.com/insights/options/24/06/39233843/block-unusual-options-activity-for-june-07,SQ,benzinga,2024-06-07T18:17:16Z
"Lake Street Maintains Buy on Limoneira, Raises Price Target to $25",,https://www.benzinga.com/news/24/06/39233783/lake-street-maintains-buy-on-limoneira-raises-price-target-to-25,LMNR,benzinga,2024-06-07T18:14:37Z
Lyft Competing In Lock-step With Uber Technologies: Analysts Eye 'Multiple Shots' On Goal For Growth,"Lyft&#39;s FY27 targets reveal anticipated growth, prompting mixed analyst reactions, with upgrades, downgrades, and price forecast adjustments.",https://www.benzinga.com/analyst-ratings/analyst-color/24/06/39233761/lyft-competing-in-lock-step-with-uber-technologies-analysts-eye-multiple-shots-on-g,"LYFT, UBER",benzinga,2024-06-07T18:13:12Z
Why Are Vail Resorts Shares Down 12.2% Friday,"Vail Resorts, Inc. (NYSE: MTN) shares are trading lower Friday afternoon after the company reported weaker-than-expected third-quarter financial results and revised its full-year 2024 guidance downward.",https://www.benzinga.com/news/24/06/39233753/why-are-vail-resorts-shares-down-12-2-friday,MTN,benzinga,2024-06-07T18:12:35Z
"Lake Street Maintains Buy on Argan, Raises Price Target to $85",,https://www.benzinga.com/news/24/06/39233742/lake-street-maintains-buy-on-argan-raises-price-target-to-85,AGX,benzinga,2024-06-07T18:11:59Z
$100 Invested In Goldman Sachs Gr 5 Years Ago Would Be Worth This Much Today, ,https://www.benzinga.com/insights/news/24/06/39234061/100-invested-in-goldman-sachs-gr-5-years-ago-would-be-worth-this-much-today,GS,benzinga,2024-06-07T18:31:29Z
"Citigroup Maintains Buy on Braze, Raises Price Target to $58",,https://www.benzinga.com/news/24/06/39234059/citigroup-maintains-buy-on-braze-raises-price-target-to-58,BRZE,benzinga,2024-06-07T18:31:27Z
"Thursday June 6, 2024 Limoneira Reported Q2 Adj EPS $0.44 Beats $0.18 Estimate, Sales $44.606M Miss $53.963M Estimate",,https://www.benzinga.com/news/earnings/24/06/39234051/thursday-june-6-2024-limoneira-reported-q2-adj-eps-0-44-beats-0-18-estimate-sales-44-606m-miss-53-9,LMNR,benzinga,2024-06-07T18:31:05Z
"Goldman Sachs Optimistic About Regenxbio's Gene Therapy Pipeline, Sees Over 160% Upside","Goldman Sachs initiates coverage on RGNX, citing potential of gene therapy platform. ",https://www.benzinga.com/analyst-ratings/analyst-color/24/06/39234044/goldman-sachs-optimistic-about-regenxbios-gene-therapy-pipeline-sees-over-160-upsid,"ABBV, FDMT, REGN, RGNX, RHHBY",benzinga,2024-06-07T18:30:54Z
How Is The Market Feeling About Humacyte?, ,https://www.benzinga.com/insights/short-sellers/24/06/39234027/how-is-the-market-feeling-about-humacyte,HUMA,benzinga,2024-06-07T18:30:25Z
Peering Into Cleveland-Cliffs's Recent Short Interest, ,https://www.benzinga.com/insights/short-sellers/24/06/39234025/peering-into-cleveland-cliffss-recent-short-interest,CLF,benzinga,2024-06-07T18:30:20Z
Peering Into Meta Materials's Recent Short Interest, ,https://www.benzinga.com/insights/short-sellers/24/06/39234018/peering-into-meta-materialss-recent-short-interest,MMAT,benzinga,2024-06-07T18:30:15Z
"ASML Remains Top Pick In EU Semicaps, Analyst Highlights Key Role In AI Infrastructure And Multiple Expansion","BofA Securities analyst reiterated Buy rating on ASML Holding N.V. with a raised price target, reflecting higher confidence in demand for EUV tools and higher gross margin. ASML remains top pick in EU Semicaps due to its irreplicable role in AI infrastructure buildout. ",https://www.benzinga.com/analyst-ratings/analyst-color/24/06/39233997/asml-remains-top-pick-in-eu-semicaps-analyst-highlights-key-role-in-ai-infrastructu,"ASML, LRCX",benzinga,2024-06-07T18:29:45Z
"Desktop Metal Announces 1-For-10 Reverse Stock Split, Trading On Split-Adjusted Basis Begins June 11, 2024",,https://www.benzinga.com/news/24/06/39233991/desktop-metal-announces-1-for-10-reverse-stock-split-trading-on-split-adjusted-basis-begins-june-11,DM,benzinga,2024-06-07T18:29:31Z
"Bitcoin Peak of $120,000 By Late 2024, Major Alt Season To Follow: Bitfinex","Analysts at crypto exchange Bitfinex on Friday outlined a potential Bitcoin (CRYPTO: BTC) peak of at least $120,000 during the current market cycle, which they expect to ",https://www.benzinga.com/markets/cryptocurrency/24/06/39233990/bitcoin-peak-of-120-000-by-late-2024-major-alt-season-to-follow-bitfinex,BTCUSD,benzinga,2024-06-07T18:29:15Z
"Citigroup Maintains Buy on Thor Industries, Lowers Price Target to $113",,https://www.benzinga.com/news/24/06/39233981/citigroup-maintains-buy-on-thor-industries-lowers-price-target-to-113,THO,benzinga,2024-06-07T18:28:39Z
Walmart Exec Says Last Two Quarters For Myntra Apparel Business In India Has Been EBITDA Positive,,https://www.benzinga.com/news/24/06/39233978/walmart-exec-says-last-two-quarters-for-myntra-apparel-business-in-india-has-been-ebitda-positive,WMT,benzinga,2024-06-07T18:27:28Z
"Citigroup Maintains Buy on Biomea Fusion, Lowers Price Target to $45",,https://www.benzinga.com/news/24/06/39233962/citigroup-maintains-buy-on-biomea-fusion-lowers-price-target-to-45,BMEA,benzinga,2024-06-07T18:26:31Z
"GM To Face $906M In US Fuel Economy Penalties Through 2031, Down From $6.5B Under 2023 NHTSA Proposal",,https://www.benzinga.com/news/24/06/39233960/gm-to-face-906m-in-us-fuel-economy-penalties-through-2031-down-from-6-5b-under-2023-nhtsa-proposal,GM,benzinga,2024-06-07T18:26:25Z
Nvidia's AI Chip - The Product Propelling Its Success,"Nvidia Corp.&#39;s (NASDAQ: NVDA) H100 processor has catapulted the company past Apple Inc. (NASDAQ: AAPL) to become the world&#39;s second-most valuable company. This powerful chip, crucial for AI advancements, is in such high demand that customers face a six-month wait. ",https://www.benzinga.com/news/24/06/39233957/nvidias-ai-chip-the-product-propelling-its-success,"AAPL, AMD, AMZN, GOOGL, INTC, MSFT, NVDA",benzinga,2024-06-07T18:26:03Z
"Citigroup Maintains Buy on Duckhorn Portfolio, Lowers Price Target to $10",,https://www.benzinga.com/news/24/06/39233943/citigroup-maintains-buy-on-duckhorn-portfolio-lowers-price-target-to-10,NAPA,benzinga,2024-06-07T18:24:39Z
Tellurian Executive Chairman In Letter Says 'We are also exploring other commercial [propositions] and our finance team and financial advisor are working hard on further strengthening the company's balance sheet',,https://www.benzinga.com/news/24/06/39184888/tellurian-ceo-in-letter-says-we-are-also-exploring-other-commercial-proposi-ons-and-our-finance-team,TELL,benzinga,2024-06-05T13:34:33Z
"Citigroup Maintains Sell on DouYu Intl Hldgs, Lowers Price Target to $5.5",,https://www.benzinga.com/news/24/06/39234145/citigroup-maintains-sell-on-douyu-intl-hldgs-lowers-price-target-to-5-5,DOYU,benzinga,2024-06-07T18:38:24Z
EXCLUSIVE - Canopy Growth CFO On ATM Equity Offering: 'We Have One Of The Strongest Balance Sheets In Cannabis',"Canopy Growth Corporation (NASDAQ: CGC)&#39;s announcement of an at-the-market (ATM) equity program has generated significant buzz within the cannabis industry, even as the stock t",https://www.benzinga.com/markets/cannabis/24/06/39233003/exclusive-canopy-growth-cfo-on-atm-equity-offering-we-have-one-of-the-strongest-balance-sheets-i,"ACRHF, CGC",benzinga,2024-06-07T18:37:17Z
"Via Renewables Inc. Merger Information Released By Nasdaq, Anticipated Last Trading Date June 11",,https://www.benzinga.com/news/24/06/39234085/via-renewables-inc-merger-information-released-by-nasdaq-anticipated-last-trading-date-june-11,VIA,benzinga,2024-06-07T18:32:42Z
"Limoneira Said It Is Raising Its Outlook For Non-GAAP EBITDA Accretion To A Range Of $45M-$55M By Fiscal Year 2030, Up From Its Previous Target Of $30M",,https://www.benzinga.com/news/24/06/39234076/limoneira-said-it-is-raising-its-outlook-for-non-gaap-ebitda-accretion-to-a-range-of-45m-55m-by-fisc,LMNR,benzinga,2024-06-07T18:32:19Z
"UBS Maintains Neutral on ABM Indus, Raises Price Target to $51",,https://www.benzinga.com/news/24/06/39234267/ubs-maintains-neutral-on-abm-indus-raises-price-target-to-51,ABM,benzinga,2024-06-07T18:49:55Z
"UBS Maintains Neutral on Korn Ferry, Raises Price Target to $68",,https://www.benzinga.com/news/24/06/39234238/ubs-maintains-neutral-on-korn-ferry-raises-price-target-to-68,KFY,benzinga,2024-06-07T18:47:36Z
Arcturus' Inhaled mRNA Therapeutic In Cystic Fibrosis Study Highlights Potential Amid Competitive Landscape: Analyst,"Arcturus Therapeutics shared Phase 1 and Phase 1b trial results for ARCT-032, an inhaled mRNA therapeutic for cystic fibrosis, showing FEV1 improvements and safety .",https://www.benzinga.com/analyst-ratings/analyst-color/24/06/39234193/arcturus-inhaled-mrna-therapeutic-in-cystic-fibrosis-study-highlights-potential-ami,"ARCT, VRTX",benzinga,2024-06-07T18:44:44Z
Decoding 10 Analyst Evaluations For Targa Resources, ,https://www.benzinga.com/insights/analyst-ratings/24/06/39234405/decoding-10-analyst-evaluations-for-targa-resources,TRGP,benzinga,2024-06-07T19:01:25Z
Dogecoin Decreases More Than 8% Within 24 hours,"Over the past 24 hours, Dogecoin&#39;s (CRYPTO: DOGE) price has fallen 8.83% to $0.15. This continues its negative trend over the past week where it has experienced a 1.0% loss, moving from $0.16 to its current price. ",https://www.benzinga.com/insights/cryptocurrency/24/06/39234402/dogecoin-decreases-more-than-8-within-24-hours,DOGEUSD,benzinga,2024-06-07T19:01:19Z
A Glimpse Into The Expert Outlook On CDW Through 8 Analysts, ,https://www.benzinga.com/insights/analyst-ratings/24/06/39234401/a-glimpse-into-the-expert-outlook-on-cdw-through-8-analysts,CDW,benzinga,2024-06-07T19:01:14Z
5 Analysts Have This To Say About Extra Space Storage, ,https://www.benzinga.com/insights/analyst-ratings/24/06/39234379/5-analysts-have-this-to-say-about-extra-space-storage,EXR,benzinga,2024-06-07T19:00:47Z
Navigating 7 Analyst Ratings For Pagaya Techs, ,https://www.benzinga.com/insights/analyst-ratings/24/06/39234370/navigating-7-analyst-ratings-for-pagaya-techs,PGY,benzinga,2024-06-07T19:00:31Z
How Is The Market Feeling About TeraWulf?, ,https://www.benzinga.com/insights/short-sellers/24/06/39234369/how-is-the-market-feeling-about-terawulf,WULF,benzinga,2024-06-07T19:00:25Z
How Is The Market Feeling About Dollar Gen?, ,https://www.benzinga.com/insights/short-sellers/24/06/39234361/how-is-the-market-feeling-about-dollar-gen,DG,benzinga,2024-06-07T19:00:20Z
Looking Into Marathon Petroleum's Recent Short Interest, ,https://www.benzinga.com/insights/short-sellers/24/06/39234359/looking-into-marathon-petroleums-recent-short-interest,MPC,benzinga,2024-06-07T19:00:14Z
Ethereum Down More Than 3% Within 24 hours,"Ethereum&#39;s (CRYPTO: ETH) price has decreased 3.98% over the past 24 hours to $3,678.71, continuing its downward trend over the past week of -2.0%, moving from $3,782.30 to its current price. ",https://www.benzinga.com/insights/cryptocurrency/24/06/39234355/ethereum-down-more-than-3-within-24-hours,ETHUSD,benzinga,2024-06-07T19:00:09Z
William Blair Downgrades PowerSchool Holdings to Market Perform,,https://www.benzinga.com/news/24/06/39234303/william-blair-downgrades-powerschool-holdings-to-market-perform,PWSC,benzinga,2024-06-07T18:54:20Z
'Mike Johnson seeks GOP votes for bill to support Trump after guilty verdict' - Axios,,https://www.benzinga.com/news/24/06/39234292/mike-johnson-seeks-gop-votes-for-bill-to-support-trump-after-guilty-verdict-axios,"DJT, SPY",benzinga,2024-06-07T18:54:02Z
"UBS Maintains Buy on Boeing, Lowers Price Target to $240",,https://www.benzinga.com/news/24/06/39234282/ubs-maintains-buy-on-boeing-lowers-price-target-to-240,BA,benzinga,2024-06-07T18:52:15Z
WHO Notified Of First Human Infection With Avian Influenza A(H5N1) Virus Reported By Australia,,https://www.benzinga.com/general/macro-notification/24/06/39234279/who-notified-of-first-human-infection-with-avian-influenza-a-h5n1-virus-reported-by-au,SPY,benzinga,2024-06-07T18:51:46Z
Crude Oil Edges Lower; Asensus Surgical Shares Jump, ,https://www.benzinga.com/news/24/06/39234492/crude-oil-edges-lower-asensus-surgical-shares-jump,"ASXC, BMEA, BNED, GERN, GME, VERO",benzinga,2024-06-07T19:05:33Z
Chainlink Decreases More Than 6% Within 24 hours,"Over the past 24 hours, Chainlink&#39;s (CRYPTO: LINK) price has fallen 6.88% to $16.17. This continues its negative trend over the past week where it has experienced a 11.0% loss, moving from $18.08 to its current price. ",https://www.benzinga.com/insights/cryptocurrency/24/06/39234462/chainlink-decreases-more-than-6-within-24-hours,LINKUSD,benzinga,2024-06-07T19:03:45Z
Avalanche Down More Than 8% Within 24 hours,"Avalanche&#39;s (CRYPTO: AVAX) price has decreased 8.97% over the past 24 hours to $33.22, continuing its downward trend over the past week of -8.0%, moving from $35.76 to its current price. ",https://www.benzinga.com/insights/cryptocurrency/24/06/39234428/avalanche-down-more-than-8-within-24-hours,AVAXUSD,benzinga,2024-06-07T19:02:37Z
XRP Down More Than 6% Within 24 hours,"XRP&#39;s (CRYPTO: XRP) price has decreased 6.55% over the past 24 hours to $0.49, continuing its downward trend over the past week of -0.0%, moving from $0.52 to its current price. ",https://www.benzinga.com/insights/cryptocurrency/24/06/39234423/xrp-down-more-than-6-within-24-hours,XRPUSD,benzinga,2024-06-07T19:02:28Z
"PayPal Gains Momentum: CEO's Optimism, Technical Indicators Signal Bullish Trend","PYPL stock rises 5.49% on optimistic outlook from CEO Alex Chriss at the Bank of America&#39;s Global Tech Conference, analysts foresee profitable growth.",https://www.benzinga.com/fintech/24/06/39234683/paypal-gains-momentum-ceos-optimism-technical-indicators-signal-bullish-trend,PYPL,benzinga,2024-06-07T19:17:30Z
Looking Into FTAI Aviation's Recent Short Interest, ,https://www.benzinga.com/insights/short-sellers/24/06/39234638/looking-into-ftai-aviations-recent-short-interest,FTAI,benzinga,2024-06-07T19:15:24Z
Looking Into Target's Recent Short Interest, ,https://www.benzinga.com/insights/short-sellers/24/06/39234637/looking-into-targets-recent-short-interest,TGT,benzinga,2024-06-07T19:15:19Z
Looking Into BuzzFeed's Recent Short Interest, ,https://www.benzinga.com/insights/short-sellers/24/06/39234636/looking-into-buzzfeeds-recent-short-interest,BZFD,benzinga,2024-06-07T19:15:14Z
Unpacking the Latest Options Trading Trends in KLA, ,https://www.benzinga.com/insights/options/24/06/39234906/unpacking-the-latest-options-trading-trends-in-kla,KLAC,benzinga,2024-06-07T19:31:39Z
"If You Invested $1000 In This Stock 20 Years Ago, You Would Have $12,000 Today", ,https://www.benzinga.com/insights/news/24/06/39234897/if-you-invested-1000-in-this-stock-20-years-ago-you-would-have-12-000-today,BLK,benzinga,2024-06-07T19:31:08Z
Bakkt Holdings Explores Potential Sale Or Breakup Amid Crypto Sector Consolidation,Bakkt Holdings Inc. (NYSE:BKKT) shares are trading lower after reports emerged that the company is exploring a potential sale or breakup. This move comes amid increased consolidation activity in the digital-asset sector and near-record high crypto prices.,https://www.benzinga.com/news/24/06/39234822/bakkt-holdings-explores-potential-sale-or-breakup-amid-crypto-sector-consolidation,BKKT,benzinga,2024-06-07T19:26:51Z
Why Are Venus Concept Shares Moving,Venus Concept Inc. (NASDAQ: VERO) shares are experiencing a surge in trading activity due to the company&#39;s announcement that it has regained compliance with Nasdaq&#39;s minimum equity rule. ,https://www.benzinga.com/news/24/06/39234780/why-are-venus-concept-shares-moving,VERO,benzinga,2024-06-07T19:23:11Z
What's Going On With Robinhood Stock?,Robinhood Markets shares are trading lower Friday and the stock is up more than 30% over the past month. Here&#39;s a look at what&#39;s going on. ,https://www.benzinga.com/news/24/06/39234943/whats-going-on-with-robinhood-stock,HOOD,benzinga,2024-06-07T19:33:20Z
Spotlight on Mobileye Global: Analyzing the Surge in Options Activity, ,https://www.benzinga.com/insights/options/24/06/39234912/spotlight-on-mobileye-global-analyzing-the-surge-in-options-activity,MBLY,benzinga,2024-06-07T19:31:48Z
Behind the Scenes of RTX's Latest Options Trends, ,https://www.benzinga.com/insights/options/24/06/39234908/behind-the-scenes-of-rtxs-latest-options-trends,RTX,benzinga,2024-06-07T19:31:44Z
Smart Money Is Betting Big In ACN Options, ,https://www.benzinga.com/insights/options/24/06/39235102/smart-money-is-betting-big-in-acn-options,ACN,benzinga,2024-06-07T19:46:08Z
The Analyst Verdict: United Parcel Service In The Eyes Of 17 Experts, ,https://www.benzinga.com/insights/analyst-ratings/24/06/39235346/the-analyst-verdict-united-parcel-service-in-the-eyes-of-17-experts,UPS,benzinga,2024-06-07T20:01:23Z
Market Whales and Their Recent Bets on MRK Options, ,https://www.benzinga.com/insights/options/24/06/39235345/market-whales-and-their-recent-bets-on-mrk-options,MRK,benzinga,2024-06-07T20:01:20Z
A Closer Look at Southern's Options Market Dynamics, ,https://www.benzinga.com/insights/options/24/06/39235342/a-closer-look-at-southerns-options-market-dynamics,SO,benzinga,2024-06-07T20:01:15Z
Expert Outlook: Carvana Through The Eyes Of 18 Analysts, ,https://www.benzinga.com/insights/analyst-ratings/24/06/39235331/expert-outlook-carvana-through-the-eyes-of-18-analysts,CVNA,benzinga,2024-06-07T20:01:05Z
$100 Invested In This Stock 10 Years Ago Would Be Worth $300 Today, ,https://www.benzinga.com/insights/news/24/06/39235300/100-invested-in-this-stock-10-years-ago-would-be-worth-300-today,JPM,benzinga,2024-06-07T20:00:54Z
Here's How Much You Would Have Made Owning Starbucks Stock In The Last 20 Years, ,https://www.benzinga.com/insights/news/24/06/39235293/heres-how-much-you-would-have-made-owning-starbucks-stock-in-the-last-20-years,SBUX,benzinga,2024-06-07T20:00:50Z
"UN Adds Israel, Hamas To Child Rights Violations List; Netanyahu To Address US Congress In July",UN adds Israel and Hamas to list of child rights violators; Netanyau to address Congress as tensions rise with Hezbollah.,https://www.benzinga.com/markets/asia/24/06/39235255/un-adds-israel-hamas-to-child-rights-violations-list-netanyahu-to-address-us-congress-in-july,"EIS, USO",benzinga,2024-06-07T19:58:33Z
"Kohl's Says No To Sponsoring RNC, But What Companies Are Signing On To The Event?","Kohl&#39;s will not sponsor the Republican National Convention in Milwaukee after Trump&#39;s recent conviction, but other companies will still sponsor.",https://www.benzinga.com/general/politics/24/06/39235224/kohls-says-no-to-sponsoring-rnc-but-what-companies-are-signing-on-to-the-event,"BAC, CHTR, COKE, D, FI, KSS, T, WFC",benzinga,2024-06-07T19:55:24Z
"AEye 13G Filing Shows 3i, LP Reported A Stake Of 9.99% In The Co As Of May 29, 2024",,https://www.benzinga.com/m-a/24/06/39235784/aeye-13g-filing-shows-3i-lp-reported-a-stake-of-9-99-in-the-co-as-of-may-29-2024,LIDR,benzinga,2024-06-07T20:11:03Z
TransCode Therapeutics Regains Compliance With Minimum Bid Price Requirement Per Nasdaq Listing Rule 5550(A)(2),,https://www.benzinga.com/news/24/06/39235776/transcode-therapeutics-regains-compliance-with-minimum-bid-price-requirement-per-nasdaq-listing-rule,RNAZ,benzinga,2024-06-07T20:10:55Z
"Knightscope Inc. Files Prospectus Supplement, Amends April 8 Information; May Offer And Sell Class A Common Stock Up To $11.7M Under Sales Agreement",,https://www.benzinga.com/news/24/06/39235751/knightscope-inc-files-prospectus-supplement-amends-april-8-information-may-offer-and-sell-class-a-co,KSCP,benzinga,2024-06-07T20:10:12Z
Advance Auto Parts Probes Potential Cyber Incident Linked To Snowflake,Advanced Auto is the latest in a string of victims targeted by hackers exploiting Snowflake customers who lacked multi-factor authentication.,https://www.benzinga.com/top-stories/24/06/39235731/advance-auto-parts-probes-potential-cyber-incident-linked-to-snowflake,"AAP, SNOW, VGT, VTI",benzinga,2024-06-07T20:09:28Z
DraftKings Files Mixed Securities Shelf Offering; Size Not Disclosed,,https://www.benzinga.com/news/24/06/39235730/draftkings-files-mixed-securities-shelf-offering-size-not-disclosed,DKNG,benzinga,2024-06-07T20:09:24Z
"Globus Maritime Q1 EPS $(0.01) Beats $(0.02) Estimate, Sales $7.71M Miss $8.00M Estimate",,https://www.benzinga.com/news/earnings/24/06/39235694/globus-maritime-q1-eps-0-01-beats-0-02-estimate-sales-7-71m-miss-8-00m-estimate,GLBS,benzinga,2024-06-07T20:08:24Z
"Nisun International Announces Significant Breakthrough In Egg Business, Has Stablished A Strong Business Presence With A Daily Supply Capacity Of Over 20M Eggs, Since Its Entrance Into The Industry About One Year Ago",,https://www.benzinga.com/news/24/06/39235638/nisun-international-announces-significant-breakthrough-in-egg-business-has-stablished-a-strong-busin,NISN,benzinga,2024-06-07T20:07:03Z
Compass Minerals Names Jeffrey Cathey CFO,,https://www.benzinga.com/news/24/06/39235517/compass-minerals-names-jeffrey-cathey-cfo,CMP,benzinga,2024-06-07T20:05:40Z
Bitdeer Technologies Group Files For Shelf Offering Of Up To 23.6M Class A Ordinary Shares By Selling Stockholder,,https://www.benzinga.com/news/24/06/39235510/bitdeer-technologies-group-files-for-shelf-offering-of-up-to-23-6m-class-a-ordinary-shares-by-sellin,BTDR,benzinga,2024-06-07T20:05:21Z
"Sunshine Biopharma Got Nasdaq Letter That Based On Review Of Co's Public Filings, Supporting Materials Submitted, Determined To Delist Co's Securities",,https://www.benzinga.com/news/24/06/39235504/sunshine-biopharma-got-nasdaq-letter-that-based-on-review-of-cos-public-filings-supporting-materials,SBFM,benzinga,2024-06-07T20:05:09Z
"North Carolina's First Weed shop To Open This Summer, 48 New Cannabis License Winners In Missouri And More Marijuana Reg Updates","Missouri&#39;s second round of the cannabis licensing lottery elected 48 applicants to obtain cannabis microbusiness permits.New Jersey lawmakers gave the green light to an amended psilocybin measure this week.In Rhode Island, the authorities are set to provide funding for those seeking to attend a cannabis training program.A new law in Washington State that just took effect will exempt certain medical cannabis products from being subject to the state&#39;s 37 percent cannabis tax, reported Marijuana Moment.The Eastern Band of Cherokee Indians Tribal Council in North Carolina passed a policy reform that amended the Tribal Code to make recreational cannabis sales legal in its dispensary on the Qualla Boundary.",https://www.benzinga.com/markets/cannabis/24/06/39235473/north-carolinas-first-weed-shop-to-open-this-summer-48-new-cannabis-license-winners-in-missouri-,,benzinga,2024-06-07T20:04:34Z
"On June 6, ToughBuilt Industries Inc Entered Into A Settlement Agreement With Concord Property Development; Settlement Agreement To Resolve Dispute Arising From Nonpayment Of Rent Under A Commercial Lease Agreement Dated Oct 31, 2022",,https://www.benzinga.com/news/24/06/39235466/on-june-6-toughbuilt-industries-inc-entered-into-a-settlement-agreement-with-concord-property-develo,TBLT,benzinga,2024-06-07T20:04:12Z
"Benzinga Market Summary: GameStop Slides, Gold And Silver Drop Following US Economic Data",,https://www.benzinga.com/general/market-summary/24/06/39235431/benzinga-market-summary-gamestop-slides-gold-and-silver-drop-following-us-economic-data,"GLD, GME, SLV",benzinga,2024-06-07T20:03:37Z
"Clean Energy Special Situations Announces Signing Of Non-Binding LOI For A Business Combination With A Leading B2B iGaming Technology Platform Company; Expects To Announce Additional Details Regarding The Proposed Business Combination When A Definitive Merger Agreement Is Executed, Which Is Expected By Early Q3 2024",,https://www.benzinga.com/m-a/24/06/39235395/clean-energy-special-situations-announces-signing-of-non-binding-loi-for-a-business-combination-with,SWSS,benzinga,2024-06-07T20:02:43Z
"Rubicon Technologies Shares Halted, News Pending",,https://www.benzinga.com/news/24/06/39236218/rubicon-technologies-shares-halted-news-pending,RBT,benzinga,2024-06-07T20:20:48Z
"Verra Mobility Company Repurchased Directly From Selling Stockholder, 2M Shares Of Company's Class A Common Stock, For $51.5M",,https://www.benzinga.com/news/24/06/39236210/verra-mobility-company-repurchased-directly-from-selling-stockholder-2m-shares-of-companys-class-a-c,VRRM,benzinga,2024-06-07T20:20:21Z
"On June 6, Verra Mobility Entered Into A Share Repurchase Agreement With A Stockholder",,https://www.benzinga.com/news/24/06/39236200/on-june-6-verra-mobility-entered-into-a-share-repurchase-agreement-with-a-stockholder,VRRM,benzinga,2024-06-07T20:19:53Z
"Molson Coors Beverage Co Entered Certain Amendment No.1 & Extension Agreement Which Amends Certain Amended & Restated Credit Deal, Dated June 26, 2023, Amends Maturity Date Of Revolving Commitments Under Amended And Restated Credit Agreement To June 26, 2029",,https://www.benzinga.com/news/24/06/39236139/molson-coors-beverage-co-entered-certain-amendment-no-1-extension-agreement-which-amends-certain-ame,TAP,benzinga,2024-06-07T20:18:32Z
Warner Bros. Discovery's $200M Loss: Inside The Turbulent Saga of Suicide Squad: Kill The Justice League,Discover the inside story behind Warner Bros. Discovery&#39;s $200M loss with &#34;Suicide Squad: Kill the Justice League&#34;.,https://www.benzinga.com/general/gaming/24/06/39236107/warner-bros-discoverys-200m-loss-inside-the-turbulent-saga-of-suicide-squad-kill-the-justice-leagu,WBD,benzinga,2024-06-07T20:17:53Z
Precision Optics Corporation Inc Files For Mixed Shelf Of Up To $75M,,https://www.benzinga.com/news/24/06/39236090/precision-optics-corporation-inc-files-for-mixed-shelf-of-up-to-75m,POCI,benzinga,2024-06-07T20:17:37Z
"Cherokee Tribe Moves Forward With Recreational Cannabis Sales, While North Carolina And Neighboring States Remain Fully Illegal",Cherokee Tribe Council legalized recreational cannabis. Qualla Enterprises aims to employ 500 and generate $260 million in profits,https://www.benzinga.com/markets/cannabis/24/06/39236078/cherokee-tribe-moves-forward-with-recreational-cannabis-sales-while-north-carolina-and-neighbori,,benzinga,2024-06-07T20:17:15Z
FCPT Acquires A MercyOne Outpatient Clinic Property For $3M,,https://www.benzinga.com/m-a/24/06/39236053/fcpt-acquires-a-mercyone-outpatient-clinic-property-for-3m,FCPT,benzinga,2024-06-07T20:16:50Z
"Rubicon Technologies Receives NYSE Delisting Notification, Trading Suspended For Class A Common Stock After Market Close On June 7, 2024",,https://www.benzinga.com/news/24/06/39236047/rubicon-technologies-receives-nyse-delisting-notification-trading-suspended-for-class-a-common-stock,RBT,benzinga,2024-06-07T20:16:42Z
Sify Technologies Announces Intent To Delist ADS Rights From Nasdaq Capital Market,,https://www.benzinga.com/news/24/06/39236027/sify-technologies-announces-intent-to-delist-ads-rights-from-nasdaq-capital-market,SIFY,benzinga,2024-06-07T20:16:19Z
Jayud Global Logistics Receives Nasdaq Notification Letter Regarding Minimum Bid Price Deficiency,,https://www.benzinga.com/news/24/06/39236019/jayud-global-logistics-receives-nasdaq-notification-letter-regarding-minimum-bid-price-deficiency,JYD,benzinga,2024-06-07T20:16:13Z
Looking Into Hims & Hers Health's Recent Short Interest, ,https://www.benzinga.com/insights/short-sellers/24/06/39235923/looking-into-hims-hers-healths-recent-short-interest,HIMS,benzinga,2024-06-07T20:15:24Z
How Is The Market Feeling About Stanley Black & Decker?, ,https://www.benzinga.com/insights/short-sellers/24/06/39235921/how-is-the-market-feeling-about-stanley-black-decker,SWK,benzinga,2024-06-07T20:15:19Z
Peering Into JetBlue Airways's Recent Short Interest, ,https://www.benzinga.com/insights/short-sellers/24/06/39235917/peering-into-jetblue-airwayss-recent-short-interest,JBLU,benzinga,2024-06-07T20:15:14Z
"Federal Communications Commission Asks Court To Move Net Neutrality Challenges To Washington, DC Appeals Court",,https://www.benzinga.com/news/24/06/39235883/federal-communications-commission-asks-court-to-move-net-neutrality-challenges-to-washington-dc-appe,"T, VZ",benzinga,2024-06-07T20:14:30Z
"Boeing, SpaceX Highlight Exciting Week For Space Sector: Musk Says 'Great Day For Humanity's Future'",The space sector had an eventful week with major milestones met by Boeing and SpaceX.,https://www.benzinga.com/general/space/24/06/39235855/boeing-spacex-highlight-exciting-week-for-space-sector-musk-says-great-day-for-humanitys-future,BA,benzinga,2024-06-07T20:13:18Z
"On June 3, 2024, Digital Brands Group Was Notified By Nasdaq That Company Had Cured Its Equity Deficiency",,https://www.benzinga.com/news/24/06/39235820/on-june-3-2024-digital-brands-group-was-notified-by-nasdaq-that-company-had-cured-its-equity-deficie,DBGI,benzinga,2024-06-07T20:12:18Z
"Lifecore Biomedical Receives Notice Of Delisting Or Failure To Satisfy Listing Standards, To Transfer Listing From Nasdaq",,https://www.benzinga.com/news/24/06/39235819/lifecore-biomedical-receives-notice-of-delisting-or-failure-to-satisfy-listing-standards-to-transfer,LFCR,benzinga,2024-06-07T20:12:06Z
12 Consumer Discretionary Stocks Moving In Friday's After-Market Session, ,https://www.benzinga.com/insights/movers/24/06/39236629/12-consumer-discretionary-stocks-moving-in-fridays-after-market-session,"BFI, BIRD, BNED, CLEU, GV, JFBR, MGOL, NVFY, PENN, QSG, UCAR, WKHS",benzinga,2024-06-07T20:31:18Z
12 Health Care Stocks Moving In Friday's After-Market Session, ,https://www.benzinga.com/insights/movers/24/06/39236610/12-health-care-stocks-moving-in-fridays-after-market-session,"AEMD, AZTR, CPHI, RNAZ, RZLT, SBFM, SCNI, SLRX, SNTI, TCON, TLSA, TVGN",benzinga,2024-06-07T20:31:12Z
12 Industrials Stocks Moving In Friday's After-Market Session, ,https://www.benzinga.com/insights/movers/24/06/39236601/12-industrials-stocks-moving-in-fridays-after-market-session,"AREB, CSLR, EFSH, ESGL, FLUX, FTCI, HOVR, JCSE, NEOV, SOAR, VCIG, WLGS",benzinga,2024-06-07T20:31:07Z
12 Information Technology Stocks Moving In Friday's After-Market Session, ,https://www.benzinga.com/insights/movers/24/06/39236592/12-information-technology-stocks-moving-in-fridays-after-market-session,"AIRE, ASNS, BTCT, GRYP, IDAI, NISN, PRST, RBT, REKR, SVRE, VERI, XTKG",benzinga,2024-06-07T20:31:02Z
Stronghold Provides May 2024 Bitcoin Mining And Operational Update; Mined 82 Bitcoin In May 2024 And Generated An Estimated $5.2M Of Revenue,,https://www.benzinga.com/news/24/06/39236578/stronghold-provides-may-2024-bitcoin-mining-and-operational-update-mined-82-bitcoin-in-may-2024-and,SDIG,benzinga,2024-06-07T20:30:53Z
Looking Into Rambus's Recent Short Interest, ,https://www.benzinga.com/insights/short-sellers/24/06/39236552/looking-into-rambuss-recent-short-interest,RMBS,benzinga,2024-06-07T20:30:26Z
Looking Into N-able's Recent Short Interest, ,https://www.benzinga.com/insights/short-sellers/24/06/39236549/looking-into-n-ables-recent-short-interest,NABL,benzinga,2024-06-07T20:30:20Z
Looking Into Medtronic's Recent Short Interest, ,https://www.benzinga.com/insights/short-sellers/24/06/39236547/looking-into-medtronics-recent-short-interest,MDT,benzinga,2024-06-07T20:30:15Z
"Marijuana Stock Movers For June 7, 2024", ,https://www.benzinga.com/insights/cannabis/24/06/39236543/marijuana-stock-movers-for-june-7-2024,"ACB, ACNNF, BLOZF, BMMJ, CLSH, CNBX, CNPOF, CNTMF, CRBP, CVSI, FFNTF, FUAPF, GNLN, GTBIF, LBUY, LMLLF, LVRLF, NDVAF, OILFF, PMD, RMHB, SOLCF, TGIFF, ZDPY",benzinga,2024-06-07T20:30:06Z
"Inhibrx Biosciences 13G Filing Shows Viking Global Investors LP Reported A 12.3% Stake In The Co As Of May 29, 2024",,https://www.benzinga.com/m-a/24/06/39236530/inhibrx-biosciences-13g-filing-shows-viking-global-investors-lp-reported-a-12-3-stake-in-the-co-as-o,INBX,benzinga,2024-06-07T20:29:47Z
"Carriage Services Announces Resignation Of Executive VP, CFO, Treasurer L. Kian Granmayeh; Appointed Kathryn Shanley As The Co's Interim Principal Financial Officer",,https://www.benzinga.com/news/24/06/39236493/carriage-services-announces-resignation-of-executive-vp-cfo-treasurer-l-kian-granmayeh,CSV,benzinga,2024-06-07T20:28:05Z
SpringWorks Therapeutics Inc Says Termination Of License Deal Does Not Trigger Any Payment Obligations On Part Of Co/any Other Material Wind-Down Costs,,https://www.benzinga.com/news/24/06/39236456/springworks-therapeutics-inc-says-termination-of-license-deal-does-not-trigger-any-payment-obligatio,"GSK, SWTX",benzinga,2024-06-07T20:27:06Z
SpringWorks Therapeutics Says Termination Does Not Affect Co's Rights To Continue Developing Or Commercializing Its Products Or Product Candidates; Expects That GSK Will Continue Ongoing Clinical Trials Under License Agreement,,https://www.benzinga.com/general/biotech/24/06/39236428/springworks-therapeutics-says-termination-does-not-affect-cos-rights-to-continue-developing-or-co,"GSK, SWTX",benzinga,2024-06-07T20:26:22Z
SpringWorks Therapeutics Says Deal Termination Between Co & GlaxoSmithKline Intellectual Property Development Effective 180 Days After Notice Receipt,,https://www.benzinga.com/general/biotech/24/06/39236386/springworks-therapeutics-says-deal-termination-between-co-glaxosmithkline-intellectual-property-d,"GSK, SWTX",benzinga,2024-06-07T20:25:37Z
"Stocks Hit Record Highs, Central Banks Cut Rates, Tight US Jobs Report Dampens Fed Easing Hopes: This Week In The Market","US stock market continues bull market rally, tech sector leads gains, Nvidia hits $3 trillion valuation, labor market tightens, Robinhood acquires Bitstamp, Apple&#39;s WWDC 2024 event awaited.",https://www.benzinga.com/markets/equities/24/06/39236384/stocks-hit-record-highs-central-banks-cut-rates-tight-us-jobs-report-dampens-fed-easing-hopes-th,"AAPL, BK, HOOD, NVDA, SOXX",benzinga,2024-06-07T20:25:32Z
"SpringWorks Therapeutics Got Notice Of Termination Of Amended & Restated Collaboration And License Agreement, Dated Sept 6, 2022, Between Co & GSK",,https://www.benzinga.com/general/biotech/24/06/39236338/springworks-therapeutics-got-notice-of-termination-of-amended-restated-collaboration-and-license-,"GSK, SWTX",benzinga,2024-06-07T20:24:07Z
Lyra Therapeutics Estimates That It Will Incur Charges Of About $3.9M-$4.1M In Connection With The Workforce Reduction; Expects That The Majority Of Charges Related To Workforce Reduction Will Be Incurred In Q2 Of 2024,,https://www.benzinga.com/news/24/06/39236286/lyra-therapeutics-estimates-that-it-will-incur-charges-of-about-3-9m-4-1m-in-connection-with-the-wor,LYRA,benzinga,2024-06-07T20:22:33Z
"3M To Focus On Operations, Innovation To Revive Growth, Says New CEO",3M&#39;s new CEO Bill Brown aims to refocus on growth and operations. Analyst upgraded shares to Buy with target of $120. Litigation concerns lessen.,https://www.benzinga.com/analyst-ratings/analyst-color/24/06/39236264/3m-to-focus-on-operations-innovation-to-revive-growth-says-new-ceo,MMM,benzinga,2024-06-07T20:22:07Z
"Nvidia Filed Amendment To Effect Stock Split And Proportionately Increase Number Of Shares Of Company's Authorized Common Stock To 80B; Trading Is Expected To Commence On A Split-Adjusted Basis At Market Open On June 10, 2024",,https://www.benzinga.com/news/24/06/39236245/nvidia-filed-amendment-to-effect-stock-split-and-proportionately-increase-number-of-shares-of-compan,NVDA,benzinga,2024-06-07T20:21:53Z
"Abercrombie & Fitch Updated And Increased Store Investment Plan To Include About 60 New Stores, While Closing About 40 Stores, During Fiscal 2024",,https://www.benzinga.com/news/24/06/39236905/abercrombie-fitch-updated-and-increased-store-investment-plan-to-include-about-60-new-stores-while-c,ANF,benzinga,2024-06-07T20:40:34Z
These New Scientific Findings In Cannabis Pave The Way To A Broader Understanding Of The Plant,Discover the most recent scientific findings in cannabis research that allow us to understand our use and relationship with the plant.,https://www.benzinga.com/markets/cannabis/24/06/39236898/these-new-scientific-findings-in-cannabis-pave-the-way-to-a-broader-understanding-of-the-plant,,benzinga,2024-06-07T20:40:09Z
"On June 6, Motus GI Holdings Says After Completing A Review Of Strategic Options Available To Co, Board Approved Liquidation And Dissolution Of Co",,https://www.benzinga.com/news/24/06/39236748/on-june-6-motus-gi-holdings-says-after-completing-a-review-of-strategic-options-available-to-co-boar,MOTS,benzinga,2024-06-07T20:33:24Z
Dogness International Files Prospectus Relates To Resale From Time To Time By Selling Shareholders Of Up To 2M Of Class A Common Shares,,https://www.benzinga.com/news/24/06/39236765/dogness-international-files-prospectus-relates-to-resale-from-time-to-time-by-selling-shareholders-o,DOGZ,benzinga,2024-06-07T20:34:14Z
From Legacy Grower To Lab Leader: Sean Stidacks' DIY Journey In Cannabis Tissue Culture,"In an exclusive interview with Benzinga Cannabis, Sean Stidacks, founder of Stidacks Genetics, shared his journey as a self-taught entrepreneur making waves in the cannabis industry.",https://www.benzinga.com/general/biotech/24/06/39217928/from-legacy-grower-to-lab-leader-sean-stidacks-diy-journey-in-cannabis-tissue-culture,,benzinga,2024-06-07T20:26:47Z
"On June 3, Cardio Diagnostics Holdings Got Notice From Nasdaq that Is No Longer In Compliance With Nasdaq Listing Rule 5550(a)(2)",,https://www.benzinga.com/news/24/06/39236727/on-june-3-cardio-diagnostics-holdings-got-notice-from-nasdaq-that-is-no-longer-in-compliance-with-na,CDIO,benzinga,2024-06-07T20:32:50Z
DeSantis Is Less Popular Than Florida's Legal Cannabis Amendment: New Poll That Also Shows Biden Gaining On Trump,Only 52% of voters approve of DeSantis&#39;s performance as governor — a 14-point gap in favor of marijuana legalization.,https://www.benzinga.com/markets/cannabis/24/06/39236840/desantis-is-less-popular-than-floridas-legal-cannabis-amendment-new-poll-that-also-shows-biden-g,,benzinga,2024-06-07T20:38:03Z
"Applied DNA Sciences 13G Filing Shows S.H.N. Financial Investments Ltd. Reported A 9.99% Stake In The Co As Of May 28, 2024",,https://www.benzinga.com/m-a/24/06/39237100/applied-dna-sciences-13g-filing-shows-s-h-n-financial-investments-ltd-reported-a-9-99-stake-in-the-c,APDN,benzinga,2024-06-07T20:48:31Z
NYSE To Commence Delisting Proceedings Against Rubicon Technologies,,https://www.benzinga.com/news/24/06/39237076/nyse-to-commence-delisting-proceedings-against-rubicon-technologies,RBT,benzinga,2024-06-07T20:47:14Z
Ford Motor Unusual Options Activity For June 07, ,https://www.benzinga.com/insights/options/24/06/39237039/ford-motor-unusual-options-activity-for-june-07,F,benzinga,2024-06-07T20:46:19Z
Smart Money Is Betting Big In BMY Options, ,https://www.benzinga.com/insights/options/24/06/39237036/smart-money-is-betting-big-in-bmy-options,BMY,benzinga,2024-06-07T20:46:14Z
What the Options Market Tells Us About HubSpot, ,https://www.benzinga.com/insights/options/24/06/39237030/what-the-options-market-tells-us-about-hubspot,HUBS,benzinga,2024-06-07T20:46:09Z
Decoding 9 Analyst Evaluations For PowerSchool Holdings, ,https://www.benzinga.com/insights/analyst-ratings/24/06/39237346/decoding-9-analyst-evaluations-for-powerschool-holdings,PWSC,benzinga,2024-06-07T21:01:09Z
DraftKings Inc Files Prospectus Supplement Relates To Proposed Resale Of Up To 7.5M Shares Of Class A Common Stock By Selling Stockholders,,https://www.benzinga.com/news/24/06/39237241/draftkings-inc-files-prospectus-supplement-relates-to-proposed-resale-of-up-to-7-5m-shares-of-class,DKNG,benzinga,2024-06-07T20:56:37Z
"Walmart Executive Says Flipkart, PhonePe IPOs Could Take A Couple Of Years",,https://www.benzinga.com/news/24/06/39237157/walmart-executive-says-flipkart-phonepe-ipos-could-take-a-couple-of-years,WMT,benzinga,2024-06-07T20:51:44Z
"SMX (Security Matters) Says Ofira Bar, CFO Of Co And Co Mutually Agreed To Terminate Bar S Employment With Co Effective On June 4; Appointed Amir Bader, As Interim CFO",,https://www.benzinga.com/news/24/06/39237858/smx-security-matters-says-ofira-bar-cfo-of-co-and-co-mutually-agreed-to-terminate-bar-s-employment-w,SMX,benzinga,2024-06-07T21:20:36Z
"4D Molecular Therapeutics Entered Into A Sales Agreement With Leerink Partners; Pursuant To Prospectus Supplement Relating To Offering, Co May Sell Up To $250M Of Common Stock",,https://www.benzinga.com/news/24/06/39237844/4d-molecular-therapeutics-entered-into-a-sales-agreement-with-leerink-partners-pursuant-to-prospectu,FDMT,benzinga,2024-06-07T21:19:40Z
Nano-X Imaging Entered Into Controlled Equity Offering Sales Agreement Relating To Issuance & Sale From Time To Time Of Ordinary Shares Of Up To $100M From Time To Time,,https://www.benzinga.com/news/24/06/39237768/nano-x-imaging-entered-into-controlled-equity-offering-sales-agreement-relating-to-issuance-sale-fro,NNOX,benzinga,2024-06-07T21:19:01Z
Ex-Broncos' Randy Gregory Sues NFL For Blocking Prescribed Medical Cannabis Treatment & Fining Him Over $532K,"Ex-Broncos linebacker sues NFL over denied access to prescribed synthetic cannabis, highlighting ongoing policy challenges. Read now!",https://www.benzinga.com/markets/cannabis/24/06/39237731/ex-broncos-randy-gregory-sues-nfl-for-blocking-prescribed-medical-cannabis-treatment-fining-him-,,benzinga,2024-06-07T21:18:50Z
Moleculin Biotech Files For Mixed Shelf Offering Of Up To $200M,,https://www.benzinga.com/news/24/06/39237689/moleculin-biotech-files-for-mixed-shelf-offering-of-up-to-200m,MBRX,benzinga,2024-06-07T21:18:19Z
"Corus Provides Update On Programming And Trademark Output Arrangements; Informed By Warner Bros. Discovery, That Some Programming & Trademark Output Arrangements Will Not Be Renewed Upon Expiry On Dec 31; Corus Does Not Currently Expect Changes To Programming Of Channels Until 2025",,https://www.benzinga.com/news/24/06/39237679/corus-provides-update-on-programming-and-trademark-output-arrangements-informed-by-warner-bros-disco,WBD,benzinga,2024-06-07T21:17:40Z
"Bayview Acquisition Enters Merger Agreement With Oabay Inc.; As A Result Of The Mergers, Oabay Shareholders Will Receive Ordinary Shares Of PubCo, Valued At $300M",,https://www.benzinga.com/m-a/24/06/39237631/bayview-acquisition-enters-merger-agreement-with-oabay-inc-as-a-result-of-the-mergers-oabay-sharehol,BAYA,benzinga,2024-06-07T21:16:06Z
NorthView Acquisition Announces Receipt From Nasdaq Regarding Filing oO Annual Report On Form 10-Q,,https://www.benzinga.com/news/24/06/39237611/northview-acquisition-announces-receipt-from-nasdaq-regarding-filing-oo-annual-report-on-form-10-q,NVAC,benzinga,2024-06-07T21:14:47Z
$1000 Invested In CME Gr 20 Years Ago Would Be Worth This Much Today, ,https://www.benzinga.com/insights/news/24/06/39238052/1000-invested-in-cme-gr-20-years-ago-would-be-worth-this-much-today,CME,benzinga,2024-06-07T21:31:31Z
"On June 3, iSun & Units Filed Voluntary Petition For Reorganization Under Chapter 11 Of Title 11 Of U.S. Code In Bankruptcy Court; Debtors Expect To Continue Their Operations In The Ordinary Course Of Business During The Pendency Of The Chapter 11 Cases; Debtors Have Filed Motions Seeking Orders From The Bankruptcy Court Approving A Variety Of ""First Day"" Motions",,https://www.benzinga.com/news/24/06/39238050/on-june-3-isun-units-filed-voluntary-petition-for-reorganization-under-chapter-11-of-title-11-of-u-s,ISUN,benzinga,2024-06-07T21:31:22Z
"111 Equity Group Intends To Continue To Engage In Discussions With CEA Industries Regarding Business, Operations, Financial Condition, strategic Plans",,https://www.benzinga.com/news/24/06/39238032/111-equity-group-intends-to-continue-to-engage-in-discussions-with-cea-industries-regarding-business,CEAD,benzinga,2024-06-07T21:30:05Z
"GameStop Stock Falls 39% After Roaring Kitty Livestream Disappoints: 'He Had 3 Years To Prepare,' 'Hard To Think Of A Catalyst To Drive $GME Back Up After This'",GameStop stock fell 39% Friday with Roaring Kitty&#39;s return to YouTube unable to send shares higher. Several investors were disappointed in the stream.,https://www.benzinga.com/news/24/06/39237023/gamestop-stock-falls-39-after-roaring-kitty-livestream-disappoints-he-had-3yrs-to-prepare-hard-to-th,GME,benzinga,2024-06-07T20:45:33Z
"CEA Industries 13D Filing Shows 111 Equity Group LLC Reported A 9.0% Stake In The Co As Of June 3, 2024",,https://www.benzinga.com/m-a/24/06/39237944/cea-industries-13d-filing-shows-111-equity-group-llc-reported-a-9-0-stake-in-the-co-as-of-june-3-202,CEAD,benzinga,2024-06-07T21:26:33Z
Serve Robotics Files Prospectus Relates To Registering And Resale By Selling Stockholders Of Up To 4.8M Shares Of Common Stock,,https://www.benzinga.com/news/24/06/39237908/serve-robotics-files-prospectus-relates-to-registering-and-resale-by-selling-stockholders-of-up-to-4,SERV,benzinga,2024-06-07T21:24:45Z
Roma Green Finance Files For Offering In A Best Efforts Self-Underwritten Offering Of Up To 3.6M Of Ordinary Shares,,https://www.benzinga.com/news/24/06/39237905/roma-green-finance-files-for-offering-in-a-best-efforts-self-underwritten-offering-of-up-to-3-6m-of,ROMA,benzinga,2024-06-07T21:24:19Z
"KKR, CrowdStrike And GoDaddy Set To Join S&P 500",,https://www.benzinga.com/news/24/06/39237896/kkr-crowdstrike-and-godaddy-set-to-join-s-p-500,"CRWD, GDDY, KKR",benzinga,2024-06-07T21:23:52Z
"Netflix's Shareholders Did Not Approve Non-Binding Stockholder Proposal Entitled, ""Report On Netflix's Use Of Artificial Intelligence""",,https://www.benzinga.com/news/24/06/39237891/netflixs-shareholders-did-not-approve-non-binding-stockholder-proposal-entitled-report-on-netflixs-u,NFLX,benzinga,2024-06-07T21:22:56Z
Dermata Therapeutics Entered Into ATM Agreement With H.C. Wainwright Providing For Sale By Co Of $1.2M Of Its Shares Of Common Stock From Time To Time,,https://www.benzinga.com/news/24/06/39237878/dermata-therapeutics-entered-into-atm-agreement-with-h-c-wainwright-providing-for-sale-by-co-of-1-2m,DRMA,benzinga,2024-06-07T21:21:59Z
"Legal California Cannabis Market 'On The Verge Of Collapse,' While Illegal Growers Thrive, Destroying Environment", ,https://www.benzinga.com/markets/cannabis/24/06/39195663/legal-california-cannabis-market-on-the-verge-of-collapse-while-illegal-growers-thrive-destroyin,,benzinga,2024-06-05T21:21:37Z
"ClearSign Technologies Board Vacated Position Of Chairman Of Board, Effective Immediately",,https://www.benzinga.com/news/24/06/39238066/clearsign-technologies-board-vacated-position-of-chairman-of-board-effective-immediately,CLIR,benzinga,2024-06-07T21:33:03Z
How These 2 Nasdaq-Listed Marijuana Companies Found A Way To Raise $250M Without Tanking Their Stock,This week&#39;s Viridian Valuation Tracker investigates the valuation metrics of Canadian cultivation and retail companies with market caps over $100M.,https://www.benzinga.com/analyst-ratings/analyst-color/24/06/39237411/how-these-2-nasdaq-listed-marijuana-companies-found-a-way-to-raise-250m-without-tan,"CGC, TLRY",benzinga,2024-06-07T21:32:47Z
Oscar Winner Kevin Spacey Opens Up About Abusive Father Who Wanted To Become A Writer And Wrote For 45 Years But Published Nothing,"Kevin Spacey, an actor who&#39;s had a difficult time on social media rebuilding his public image opened up to Lex Fridman on his father and how he never felt loved by his parents.",https://www.benzinga.com/general/entertainment/24/06/39238356/oscar-winner-kevin-spacey-opens-up-about-abusive-father-who-wanted-to-become-a-writer-and-w,,benzinga,2024-06-07T22:00:09Z
Trading Halt: Halted at 6:25:00 p.m. ET - Trading Halt: Halt News Pending,,https://www.benzinga.com/24/06/39238631/trading-halt-halted-at-6-25-00-p-m-et-trading-halt-halt-news-pending,ICCH,benzinga,2024-06-07T22:25:03Z
"Bitcoin, Ethereum, Dogecoin End Week With Strong Sell-Off As Traders React To Roaring Kitty Stream",Cryptocurrency markets are trading down with a liquidation cascade following the Roaring Kitty live stream ending the trading week on a negative note.,https://www.benzinga.com/markets/cryptocurrency/24/06/39235463/bitcoin-ethereum-dogecoin-end-week-with-strong-sell-off-as-traders-react-to-roring-kitty-s,"AGIXUSD, BTCUSD, CHZUSD, DOGEUSD, ETHUSD, JASMYUSD, ORDIUSD, SHIBUSD, SOLUSD, UNIUSD",benzinga,2024-06-07T20:03:57Z
"U.S. FDA Approves Expanded Age Indication For GSK's AREXVY, The First Respiratory Syncytial Virus Vaccine For Adults Aged 50-59 At Increased Risk",,https://www.benzinga.com/general/biotech/24/06/39239029/u-s-fda-approves-expanded-age-indication-for-gsks-arexvy-the-first-respiratory-syncytial-virus-va,GSK,benzinga,2024-06-07T23:28:16Z
General Dynamics Land Systems Awarded Canadian Logistics Vehicle Modernization Contract Totaling $1.88B,,https://www.benzinga.com/news/24/06/39239013/general-dynamics-land-systems-awarded-canadian-logistics-vehicle-modernization-contract-totaling-1-8,GD,benzinga,2024-06-07T23:27:08Z
"cbdMD, Gets Notification Of Noncompliance With Additional NYSE American Continued Listing Standards",,https://www.benzinga.com/news/24/06/39239009/cbdmd-gets-notification-of-noncompliance-with-additional-nyse-american-continued-listing-standards,YCBD,benzinga,2024-06-07T23:26:28Z
"Seadrill Announces Voluntary Delisting From Oslo Stock Exchange, Will Maintain A Single Listing On The New York Stock Exchange, Consistent With Efforts To Simplify Its Business.",,https://www.benzinga.com/news/24/06/39239006/seadrill-announces-voluntary-delisting-from-oslo-stock-exchange-will-maintain-a-single-listing-on-th,SDRL,benzinga,2024-06-07T23:25:45Z
Trading Halt: Halted at 7:50:00 p.m. ET - Trading Halt: Halt News Pending,,https://www.benzinga.com/24/06/39239119/trading-halt-halted-at-7-50-00-p-m-et-trading-halt-halt-news-pending,ICUCW,benzinga,2024-06-07T23:50:04Z
Trading Halt: Halted at 7:50:00 p.m. ET - Trading Halt: Halt News Pending,,https://www.benzinga.com/24/06/39239118/trading-halt-halted-at-7-50-00-p-m-et-trading-halt-halt-news-pending,TNXP,benzinga,2024-06-07T23:50:04Z
Trading Halt: Halted at 7:50:00 p.m. ET - Trading Halt: Halt News Pending,,https://www.benzinga.com/24/06/39239117/trading-halt-halted-at-7-50-00-p-m-et-trading-halt-halt-news-pending,ICU,benzinga,2024-06-07T23:50:04Z
Trading Halt: Halted at 7:50:00 p.m. ET - Trading Halt: Halt News Pending,,https://www.benzinga.com/24/06/39239116/trading-halt-halted-at-7-50-00-p-m-et-trading-halt-halt-news-pending,RTC,benzinga,2024-06-07T23:50:04Z
GOP Bill To Move State Cases To Federal Courts Amid Trump's Legal Troubles Faces Hurdles: 'I Don't Believe They Have The Votes To Pass It',"GOP leaders seek bill to transfer state cases to federal courts for ex-presidents. Unlikely to pass due to Dem control. Trump&#39;s conviction stirs political storm, but his popularity remains steady in 2024 polls.",https://www.benzinga.com/news/24/06/39239504/gop-bill-to-move-state-cases-to-federal-courts-amid-trumps-legal-troubles-faces-hurdles-i-dont-belie,,benzinga,2024-06-08T02:21:31Z
"Tesla, Elon Musk Slam Lawyers Demanding $5.2B For Voiding His 2018 Pay Package: 'They Deserve To Repay Tesla Legals Costs And Get Nothing!'","Elon Musk criticized lawyers demanding $5.2B in Tesla stock as legal fees for contesting his 2018 pay package, saying they should repay legal costs.",https://www.benzinga.com/news/24/06/39239528/tesla-elon-musk-slam-lawyers-demanding-5-2b-for-voiding-his-2018-pay-package-they-deserve-to-repay-t,TSLA,benzinga,2024-06-08T02:40:48Z
"Trump Declares Himself 'Crypto President' After Raising $12M At VC-Hosted San Francisco Fundraiser, Slams Democrats For Trying To Regulate It","Former President Donald Trump positioned himself as the &#34;crypto president&#34; at a San Francisco fundraiser, raising $12 million while expressing support for the cryptocurrency industry and criticizing Democratic regulatory efforts.",https://www.benzinga.com/markets/cryptocurrency/24/06/39239552/trump-declares-himself-crypto-president-after-raising-12m-at-vc-hosted-san-francisco-fundr,,benzinga,2024-06-08T02:56:16Z
"Apple's AI Strategy Could Trigger Three-Year iPhone Sales Boost, Says Top Tech Bull: 'Don't Overthink It'","Gene Munster, managing partner at Deepwater Asset Management, suggests that Apple&#39;s AI strategy could trigger a three-year iPhone upgrade cycle, potentially boosting the company&#39;s sales significantly.",https://www.benzinga.com/news/24/06/39239622/apples-ai-strategy-could-trigger-three-year-iphone-sales-boost-says-top-tech-bull-dont-overthink-it,"AAPL, NVDA",benzinga,2024-06-08T03:57:21Z
"Nikola Founder And Convicted Felon Trevor Milton Files Lawsuit Against Present Chief Legal Officer, Directors Alleging Malpractice","Trevor Milton, convicted founder of Nikola Corp, filed multi-billion dollar lawsuit against present chief legal officer &amp; directors for fraud.",https://www.benzinga.com/news/24/06/39239670/nikola-founder-and-convicted-felon-trevor-milton-files-lawsuit-against-present-chief-legal-officer-d,NKLA,benzinga,2024-06-08T04:25:17Z
Elon Musk's Starlink To Expand Footprint To Sri Lanka After Connecting Indonesia,"Sri Lanka approves Elon Musk&#39;s Starlink satellite internet services, aiming to improve connectivity and inclusion in the digital economy.",https://www.benzinga.com/news/24/06/39239698/elon-musks-starlink-to-expand-footprint-to-sri-lanka-after-connecting-indonesia,,benzinga,2024-06-08T04:58:39Z
Microsoft Makes Windows 11's 'Recall' Feature Opt-In After Backlash Over Privacy Concerns: 'We Have Heard A Clear Signal…',"Microsoft modifies Recall feature in Windows 11 to address security and privacy concerns, before it rolls out to general users.",https://www.benzinga.com/news/24/06/39239734/microsoft-makes-windows-11s-recall-feature-opt-in-after-backlash-over-privacy-concerns-we-have-heard,MSFT,benzinga,2024-06-08T05:47:18Z
"Crypto Trader Predicts Trump-Themed Meme Coin Will Go 'Berserk' Despite Pullback, Says 'Accumulate Sh*tcoins' Until Q4","Prominent crypto trader Altcoin Sherpa has made bold predictions about the Trump-themed Maga Memecoin (CRYPTO: TRUMP), despite the recent pullback.",https://www.benzinga.com/markets/cryptocurrency/24/06/39239874/crypto-trader-predicts-trump-themed-meme-coin-will-go-berserk-despite-pullback-says-accumu,,benzinga,2024-06-08T06:21:43Z
Elon Musk Congratulates India's PM Modi As He Gears Up For Third Term: 'Looking Forward To My Companies Doing Exciting Work',This story was first published on the Benzinga India portal.,https://www.benzinga.com/news/24/06/39239910/elon-musk-congratulates-indias-pm-modi-as-he-gears-up-for-third-term-looking-forward-to-my-companies,,benzinga,2024-06-08T06:46:40Z
"Biden Calls On Americans To Defend Democracy, Citing WWII Heroes: 'They're Not Asking Us To Give Or Risk Our Lives'","President Biden urged Americans to defend democracy, referencing WWII soldiers at Pointe du Hoc. He contrasted his stance with Trump&#39;s authoritarian embrace.",https://www.benzinga.com/news/24/06/39239978/biden-calls-on-americans-to-defend-democracy-citing-wwii-heroes-theyre-not-asking-us-to-give-or-risk,,benzinga,2024-06-08T07:37:37Z
"Warren Buffet's Berkshire Hathaway Buys Additional 2.57M Shares Of Occidental Petroleum, Shows SEC Filing","Warren Buffett&#39;s Berkshire Hathaway has increased its investment in Occidental Petroleum, taking its total stake to over 250 million shares.",https://www.benzinga.com/markets/equities/24/06/39239988/warren-buffets-berkshire-hathaway-buys-additional-2-57m-shares-of-occidental-petroleum-shows-sec,"BRK, OXY",benzinga,2024-06-08T07:45:03Z
"'Technology Advances Primarily Via Technology Entrepreneurs,' SpaceX CEO Elon Musk Tells Science Fiction Writer Devon Eriksen After Succesful Flight Test Of Starship","Musk agrees with author Devon Eriksen that private tech entrepreneurs, not governments, drive technology advancement, citing SpaceX&#39;s success.",https://www.benzinga.com/news/24/06/39240002/technology-advances-primarily-via-technology-entrepreneurs-spacex-ceo-elon-musk-tells-science-fictio,,benzinga,2024-06-08T07:52:59Z
"Tesla Customizer Upfits Cybertruck For The Police Forces, Elon Musk Thinks It's 'Cool'","California-based Unplugged Performance customized the Tesla Cybertruck for law enforcement with siren systems, light bars, and specific graphics.",https://www.benzinga.com/news/24/06/39240046/tesla-customizer-upfits-cybertruck-for-the-police-forces-elon-musk-thinks-its-cool,,benzinga,2024-06-08T08:20:03Z
SpaceX CEO Elon Musk Hints At Plan To Make Its Starbase A Photography Hotspot,Elon Musk plans to turn Starbase into a photography hotspot by moving old Starships closer to the fence for enthusiasts to take pictures with.,https://www.benzinga.com/news/24/06/39240082/spacex-ceo-elon-musk-hints-at-plan-to-make-its-starbase-a-photography-hotspot,,benzinga,2024-06-08T08:52:36Z
Bill Gates' Upcoming Autobiography 'Source Code' Talks About Him Feeling 'Misfit' As A Kid And The 'Rebellious' Teenage Phase: 'I'm Planning To Write Two More Memoirs...',"In his upcoming autobiography, &#34;Source Code,&#34; Microsoft co-founder Bill Gates shares insights into his early life struggles, including his near-expulsion from college and his challenging relationship with his parents.",https://www.benzinga.com/news/24/06/39240224/bill-gates-upcoming-autobiography-source-code-talks-about-him-feeling-misfit-as-a-kid-and-the-rebell,,benzinga,2024-06-08T10:00:15Z
"Benzinga Bulls And Bears: GameStop, Nvidia, Tesla, Amazon And Dogecoin Trader Predicts 'Breakout To Occur Any Day'",Benzinga examined the prospects for many investors’ favorite stocks over the last week — here’s a look at some of our top stories.,https://www.benzinga.com/markets/cryptocurrency/24/06/39240736/benzinga-bulls-and-bears-gamestop-nvidia-tesla-amazon-and-dogecoin-trader-predicts-breakou,"AAPL, AMC, AMZN, BLK, DOGEUSD, ETHUSD, GME, NVDA, TSLA",benzinga,2024-06-08T13:13:20Z
Gary Gensler Channels Taylor Swift With Love Story For SEC's 90th Anniversary: 'Mission Is Meant To Last For Evermore',Gary Gensler drew on the style of Taylor Swift&#39;s Eras Tour to illustrate 90 years of the SEC.,https://www.benzinga.com/markets/cryptocurrency/24/06/39240868/gary-gensler-channels-taylor-swift-with-love-story-for-secs-90th-anniversary-mission-is-me,,benzinga,2024-06-08T13:59:37Z
Biden Administration Tightens Vehicle Fuel Mile Limits To Boost Electric Vehicle Market,The Biden administration has stiffened vehicle fuel mile standards as part of its plan to have emissions-free electric vehicles dominate America&#39;s automobile sector.,https://www.benzinga.com/24/06/39240785/biden-administration-tightens-vehicle-fuel-mile-limits-to-boost-electric-vehicle-market,"F, RIVN",benzinga,2024-06-08T13:26:49Z
Tesla Tequila Is Back: Here's How Much Latest Collectible Will Cost You,Tesla has reintroduced tequila in collectible lightning-shaped bottles. Here&#39;s how you can get one and how much it will cost you.,https://www.benzinga.com/news/24/06/39240934/tesla-tequila-is-back-heres-how-much-latest-collectible-will-cost-you,TSLA,benzinga,2024-06-08T14:15:19Z
"Tesla Chair's Ultimatum On June 13, Rivian Refreshes R1 Lineups, Nikola Gets Green Light For Reverse Split And More: Biggest EV Stories Of The Week",EV makers continue to nurse the wounds inflicted by an inclement economy and are plotting strategies to navigate the storm.,https://www.benzinga.com/24/06/39240825/tesla-chairs-ultimatum-on-june-13-rivian-refreshes-r1-lineups-nikola-gets-green-light-for-reverse-sp,"F, FFIE, FSRN, GOEV, HYZN, KARS, LCID, LI, NIO, NKLA, RIVN, TSLA, VFS, WKHS, XPEV",benzinga,2024-06-08T13:36:49Z
Trump Vs. Biden: Hush-Money Conviction Signals Good News For One Candidate In Tight Presidential Race,"Ahead of the 2024 presidential election, President Joe Biden has taken a narrow lead over former President Donald Trump in a recent poll, following Trump&#39;s felony conviction.",https://www.benzinga.com/news/24/06/39241154/trump-vs-biden-hush-money-conviction-signals-good-news-for-one-candidate-in-tight-presidential-race,,benzinga,2024-06-08T16:05:22Z
"Trump Could Face Life Incarceration If Defeated In 2024 Election, Former Federal Prosecutor Warns: 'He Has An Appreciable Chance Of Dying In Prison'","Trump may face potential lifelong imprisonment if he loses the 2024 election, with multiple criminal charges looming, according to a former federal prosecutor.",https://www.benzinga.com/markets/equities/24/06/39241180/trump-could-face-life-incarceration-if-defeated-in-2024-election-former-federal-prosecutor-warns,,benzinga,2024-06-08T16:19:10Z
Trump's Niece Says Insane To Pardon 'Convicted Criminal Who's Trying To Destroy America': 'Absolutely Terrible Idea',Donald Trump&#39;s niece Mary Trump recently slammed the idea of pardoning the ex-president after he was found guilty in the first of his four criminal trials.,https://www.benzinga.com/24/06/39241142/trumps-niece-says-insane-to-pardon-convicted-criminal-whos-trying-to-destroy-america-absolutely-terr,,benzinga,2024-06-08T15:58:05Z
"Dogecoin Trader Who Made $250K Spends It All On Donations, Drugs, Concerts, Tattoos...And Takes Her Last $4K To Buy More",A pseudonymous cryptocurrency trader shared a cautionary tale about the dangers of sudden wealth from cryptocurrency and meme coin trading.,https://www.benzinga.com/markets/cryptocurrency/24/06/39241221/dogecoin-trader-who-made-250k-spends-it-all-on-donations-drugs-concerts-tattoos-and-takes-,"DOGEUSD, SHIBUSD",benzinga,2024-06-08T16:46:22Z
Putin's Daughters Enter The Limelight As Russian President Considers His Legacy: 'Young Daughters Represent Vitality For Him',Vladimir Putin&#39;s daughters are making public appearances as the Russian president contemplates his legacy.,https://www.benzinga.com/news/24/06/39241211/putins-daughters-enter-the-limelight-as-russian-president-considers-his-legacy-young-daughters-repre,,benzinga,2024-06-08T16:42:20Z
"Cybersecurity Provider CrowdStrike And These 2 Companies Make The Cut For S&P 500 Inclusion, Palantir Misses Out Yet Again","Palantir was once again overlooked, while an asset manager and two tech companies were deemed worthy of being added to the prestigious index.",https://www.benzinga.com/markets/equities/24/06/39241331/cybersecurity-provider-crowdstrike-and-these-2-companies-make-the-cut-for-s-p-500-inclusion-pala,"ADTN, CMA, CRWD, DELL, GDDY, HOUS, ILMN, KKR, PLTR, RHI",benzinga,2024-06-08T17:42:12Z
